Type,Name,Request Count,Failure Count,Median Response Time,Average Response Time,Min Response Time,Max Response Time,Average Content Size,Requests/s,Failures/s,50%,66%,75%,80%,90%,95%,98%,99%,99.9%,99.99%,100%
GET,/favourite-service/api/favourites,5,0,150.0,518.2243199997174,55.973799999264884,1958.3528999992268,2126.0,0.17632534711673292,0.0,150,360,360,2000,2000,2000,2000,2000,2000,2000,2000
GET,/order-service/api/orders,6,0,14,54.624433333628986,13.205299999754061,251.5863000007812,1162.0,0.2115904165400795,0.0,17,17,18,18,250,250,250,250,250,250,250
GET,/payment-service/api/payments,4,0,44,373.2761500000379,39.55889999997453,1359.5657999994728,1200.0,0.14106027769338633,0.0,50,50,1400,1400,1400,1400,1400,1400,1400,1400,1400
GET,/product-service/api/categories,9,0,10,223.67253333322878,8.969599999545608,1266.4641000010306,686.0,0.3173856248101193,0.0,10,11,12,670,1300,1300,1300,1300,1300,1300,1300
GET,/product-service/api/products,6,0,13,166.98796666635948,11.946999999054242,937.9498999987845,1774.0,0.2115904165400795,0.0,13,13,14,14,940,940,940,940,940,940,940
GET,/shipping-service/api/shippings,3,0,150.0,1015.9602333327106,83.01459999893268,2810.4249000007258,2083.0,0.10579520827003976,0.0,150,150,2800,2800,2800,2800,2800,2800,2800,2800,2800
GET,/user-service/api/credentials,5,0,15,16.602679999778047,14.084700000239536,22.122899999885703,3329.0,0.17632534711673292,0.0,15,18,18,22,22,22,22,22,22,22,22
GET,/user-service/api/users,7,0,17,290.58247142867395,12.94409999900381,1914.8528000005172,3389.0,0.2468554859634261,0.0,17,19,41,41,1900,1900,1900,1900,1900,1900,1900
,Aggregated,45,0,17,279.8205511110104,8.969599999545608,2810.4249000007258,1907.4888888888888,1.5869281240505964,0.0,17,44,83,250,1300,1900,2800,2800,2800,2800,2800
